{
  "type": "FeatureCollection",
  "generator": "overpass-turbo",
  "copyright": "The data included in this document is from www.openstreetmap.org. The data is made available under ODbL.",
  "timestamp": "2025-03-12T12:34:10Z",
  "features": [
    {
      "type": "Feature",
      "properties": {
        "@id": "relation/298407",
        "IBGE:GEOCODIGO": "3519071",
        "admin_level": "8",
        "boundary": "administrative",
        "name": "Hortolândia",
        "place": "municipality",
        "population": "236641",
        "population:date": "2023-08-31",
        "source": "IBGE",
        "source:population": "IBGE, DOU de 31/08/2023",
        "type": "boundary",
        "wikidata": "Q952617",
        "wikipedia": "pt:Hortolândia"
      },
      "geometry": {
        "type": "Polygon",
        "coordinates": [
          [
            [
              -47.1609284,
              -22.8590929
            ],
            [
              -47.1649396,
              -22.8583984
            ],
            [
              -47.1660823,
              -22.8582105
            ],
            [
              -47.1666884,
              -22.858124
            ],
            [
              -47.1673751,
              -22.8580795
            ],
            [
              -47.1692292,
              -22.8580563
            ],
            [
              -47.1699876,
              -22.8580449
            ],
            [
              -47.1716344,
              -22.8580202
            ],
            [
              -47.1744058,
              -22.8578931
            ],
            [
              -47.1764658,
              -22.8577646
            ],
            [
              -47.1773998,
              -22.8577187
            ],
            [
              -47.177595,
              -22.8577201
            ],
            [
              -47.1778223,
              -22.8577335
            ],
            [
              -47.1780537,
              -22.8577646
            ],
            [
              -47.1782319,
              -22.8578009
            ],
            [
              -47.1782344,
              -22.8578019
            ],
            [
              -47.1783401,
              -22.8578456
            ],
            [
              -47.178572,
              -22.8579584
            ],
            [
              -47.1787141,
              -22.8580523
            ],
            [
              -47.1788606,
              -22.8581698
            ],
            [
              -47.1790132,
              -22.8583267
            ],
            [
              -47.1791314,
              -22.8584784
            ],
            [
              -47.1792734,
              -22.8586987
            ],
            [
              -47.1794303,
              -22.8589681
            ],
            [
              -47.1795644,
              -22.8592202
            ],
            [
              -47.1796314,
              -22.8593264
            ],
            [
              -47.1797305,
              -22.8594499
            ],
            [
              -47.1798648,
              -22.8595884
            ],
            [
              -47.1800808,
              -22.8597643
            ],
            [
              -47.1802296,
              -22.8598603
            ],
            [
              -47.1803631,
              -22.8599236
            ],
            [
              -47.1805072,
              -22.8599814
            ],
            [
              -47.1806823,
              -22.8600237
            ],
            [
              -47.180821,
              -22.8600494
            ],
            [
              -47.1810208,
              -22.8600565
            ],
            [
              -47.1811702,
              -22.8600527
            ],
            [
              -47.1813735,
              -22.8599134
            ],
            [
              -47.1872267,
              -22.8589215
            ],
            [
              -47.1880107,
              -22.8587864
            ],
            [
              -47.1886785,
              -22.8586764
            ],
            [
              -47.188765,
              -22.8586408
            ],
            [
              -47.1928495,
              -22.8544875
            ],
            [
              -47.193019,
              -22.8543822
            ],
            [
              -47.1924071,
              -22.8521644
            ],
            [
              -47.1929997,
              -22.8517837
            ],
            [
              -47.1971922,
              -22.8491601
            ],
            [
              -47.2004374,
              -22.8471953
            ],
            [
              -47.2030348,
              -22.8456386
            ],
            [
              -47.2033903,
              -22.8454062
            ],
            [
              -47.2036802,
              -22.8452295
            ],
            [
              -47.2034481,
              -22.8443457
            ],
            [
              -47.2031758,
              -22.8431632
            ],
            [
              -47.2034062,
              -22.8422832
            ],
            [
              -47.2039536,
              -22.8416654
            ],
            [
              -47.2043913,
              -22.841043
            ],
            [
              -47.2049563,
              -22.8405316
            ],
            [
              -47.2053502,
              -22.8426725
            ],
            [
              -47.2070845,
              -22.8424517
            ],
            [
              -47.2071333,
              -22.8426407
            ],
            [
              -47.2075467,
              -22.8442426
            ],
            [
              -47.2079912,
              -22.8459111
            ],
            [
              -47.208105,
              -22.846215
            ],
            [
              -47.208235,
              -22.8464644
            ],
            [
              -47.2083892,
              -22.8466595
            ],
            [
              -47.2085916,
              -22.846825
            ],
            [
              -47.2099494,
              -22.8474416
            ],
            [
              -47.2103503,
              -22.8476203
            ],
            [
              -47.2104623,
              -22.8476702
            ],
            [
              -47.2106004,
              -22.8477148
            ],
            [
              -47.2109679,
              -22.8478333
            ],
            [
              -47.2111528,
              -22.8478924
            ],
            [
              -47.2115227,
              -22.8480453
            ],
            [
              -47.2125682,
              -22.8485042
            ],
            [
              -47.2125928,
              -22.8484172
            ],
            [
              -47.21263,
              -22.8483162
            ],
            [
              -47.2129268,
              -22.8474132
            ],
            [
              -47.213351,
              -22.8464438
            ],
            [
              -47.2138011,
              -22.8409308
            ],
            [
              -47.2163336,
              -22.8378677
            ],
            [
              -47.2176473,
              -22.8378183
            ],
            [
              -47.2191602,
              -22.8377615
            ],
            [
              -47.2194949,
              -22.8373884
            ],
            [
              -47.2197024,
              -22.8371572
            ],
            [
              -47.2198179,
              -22.8370186
            ],
            [
              -47.2202737,
              -22.8364716
            ],
            [
              -47.2204804,
              -22.8362181
            ],
            [
              -47.2208391,
              -22.8357931
            ],
            [
              -47.2208504,
              -22.8357796
            ],
            [
              -47.2222961,
              -22.8340449
            ],
            [
              -47.2283369,
              -22.8271576
            ],
            [
              -47.2296162,
              -22.8261931
            ],
            [
              -47.2333976,
              -22.8242955
            ],
            [
              -47.2332661,
              -22.8252181
            ],
            [
              -47.2332898,
              -22.8253711
            ],
            [
              -47.2335986,
              -22.826073
            ],
            [
              -47.2340181,
              -22.8267543
            ],
            [
              -47.2340406,
              -22.8268496
            ],
            [
              -47.2340332,
              -22.8269638
            ],
            [
              -47.2340609,
              -22.8270553
            ],
            [
              -47.2342071,
              -22.8271104
            ],
            [
              -47.2343555,
              -22.8271988
            ],
            [
              -47.2344306,
              -22.8273887
            ],
            [
              -47.2344449,
              -22.8276078
            ],
            [
              -47.2345178,
              -22.8277456
            ],
            [
              -47.2346175,
              -22.8278191
            ],
            [
              -47.2347377,
              -22.8278795
            ],
            [
              -47.2348991,
              -22.8279883
            ],
            [
              -47.235009,
              -22.828097
            ],
            [
              -47.2350328,
              -22.82819
            ],
            [
              -47.2349902,
              -22.8282889
            ],
            [
              -47.234878,
              -22.828423
            ],
            [
              -47.2348034,
              -22.8285571
            ],
            [
              -47.2348046,
              -22.8286211
            ],
            [
              -47.2348944,
              -22.8287575
            ],
            [
              -47.2350484,
              -22.8289034
            ],
            [
              -47.2348275,
              -22.8399995
            ],
            [
              -47.2368183,
              -22.8400244
            ],
            [
              -47.2385548,
              -22.8412491
            ],
            [
              -47.2403926,
              -22.8464777
            ],
            [
              -47.2400246,
              -22.8467028
            ],
            [
              -47.2406349,
              -22.8492688
            ],
            [
              -47.2408499,
              -22.8511669
            ],
            [
              -47.2410924,
              -22.8522295
            ],
            [
              -47.2410682,
              -22.8531149
            ],
            [
              -47.2402543,
              -22.8536254
            ],
            [
              -47.2391024,
              -22.8538716
            ],
            [
              -47.2384386,
              -22.8538835
            ],
            [
              -47.2377419,
              -22.853784
            ],
            [
              -47.2372069,
              -22.8538687
            ],
            [
              -47.2370505,
              -22.8541395
            ],
            [
              -47.2364794,
              -22.8555349
            ],
            [
              -47.235,
              -22.857
            ],
            [
              -47.235668,
              -22.8605291
            ],
            [
              -47.2357558,
              -22.8609932
            ],
            [
              -47.2359539,
              -22.8614179
            ],
            [
              -47.2367343,
              -22.8621419
            ],
            [
              -47.2368389,
              -22.8623361
            ],
            [
              -47.236799,
              -22.8626989
            ],
            [
              -47.2367626,
              -22.8629783
            ],
            [
              -47.2370262,
              -22.8635211
            ],
            [
              -47.2371484,
              -22.8636482
            ],
            [
              -47.2372956,
              -22.8636477
            ],
            [
              -47.237447,
              -22.863634
            ],
            [
              -47.2376401,
              -22.8635933
            ],
            [
              -47.2377893,
              -22.8636931
            ],
            [
              -47.2379686,
              -22.8639189
            ],
            [
              -47.2381004,
              -22.8640683
            ],
            [
              -47.2382189,
              -22.8643117
            ],
            [
              -47.2383967,
              -22.8645699
            ],
            [
              -47.2384596,
              -22.8646515
            ],
            [
              -47.2384844,
              -22.8647873
            ],
            [
              -47.2384947,
              -22.8649459
            ],
            [
              -47.238524,
              -22.8651045
            ],
            [
              -47.2385627,
              -22.8652239
            ],
            [
              -47.2385938,
              -22.8652956
            ],
            [
              -47.2386356,
              -22.865359
            ],
            [
              -47.2387001,
              -22.8653908
            ],
            [
              -47.238752,
              -22.8654669
            ],
            [
              -47.2387551,
              -22.8655376
            ],
            [
              -47.2387217,
              -22.8655896
            ],
            [
              -47.2387109,
              -22.8656832
            ],
            [
              -47.2387779,
              -22.8657312
            ],
            [
              -47.238843,
              -22.8657833
            ],
            [
              -47.2388803,
              -22.8658446
            ],
            [
              -47.2389611,
              -22.8659105
            ],
            [
              -47.2390037,
              -22.8660116
            ],
            [
              -47.2390777,
              -22.8660997
            ],
            [
              -47.2391805,
              -22.8661701
            ],
            [
              -47.2392616,
              -22.866223
            ],
            [
              -47.2393092,
              -22.8663199
            ],
            [
              -47.2393469,
              -22.866408
            ],
            [
              -47.239346,
              -22.8665313
            ],
            [
              -47.239325,
              -22.8666369
            ],
            [
              -47.239302,
              -22.8666985
            ],
            [
              -47.2392562,
              -22.8667688
            ],
            [
              -47.2392411,
              -22.8669007
            ],
            [
              -47.2392298,
              -22.8669793
            ],
            [
              -47.2392456,
              -22.867119
            ],
            [
              -47.2392581,
              -22.8671869
            ],
            [
              -47.2393118,
              -22.8672348
            ],
            [
              -47.2393618,
              -22.8673216
            ],
            [
              -47.2394615,
              -22.8674682
            ],
            [
              -47.2394893,
              -22.867615
            ],
            [
              -47.2394947,
              -22.8678224
            ],
            [
              -47.2395985,
              -22.8685079
            ],
            [
              -47.239743,
              -22.8700174
            ],
            [
              -47.2401525,
              -22.8714455
            ],
            [
              -47.2400505,
              -22.8718086
            ],
            [
              -47.2399192,
              -22.8727393
            ],
            [
              -47.2398471,
              -22.873569
            ],
            [
              -47.2401421,
              -22.8735952
            ],
            [
              -47.2404369,
              -22.8736297
            ],
            [
              -47.2407255,
              -22.8736953
            ],
            [
              -47.2411975,
              -22.8738473
            ],
            [
              -47.2413099,
              -22.8739032
            ],
            [
              -47.2414113,
              -22.873975
            ],
            [
              -47.2414989,
              -22.8740606
            ],
            [
              -47.2415707,
              -22.874158
            ],
            [
              -47.2416249,
              -22.8742646
            ],
            [
              -47.2416599,
              -22.8743778
            ],
            [
              -47.241675,
              -22.8744947
            ],
            [
              -47.2418077,
              -22.8762592
            ],
            [
              -47.2418205,
              -22.8763649
            ],
            [
              -47.2418523,
              -22.8764672
            ],
            [
              -47.2419024,
              -22.876563
            ],
            [
              -47.2419694,
              -22.8766497
            ],
            [
              -47.2420512,
              -22.8767247
            ],
            [
              -47.2421455,
              -22.876786
            ],
            [
              -47.2422497,
              -22.8768318
            ],
            [
              -47.2423608,
              -22.8768608
            ],
            [
              -47.2424756,
              -22.8768721
            ],
            [
              -47.2498946,
              -22.8765928
            ],
            [
              -47.251251,
              -22.8765187
            ],
            [
              -47.2523925,
              -22.8764564
            ],
            [
              -47.2525004,
              -22.8764587
            ],
            [
              -47.2525889,
              -22.876447
            ],
            [
              -47.2531454,
              -22.8763877
            ],
            [
              -47.2534473,
              -22.8763851
            ],
            [
              -47.2537462,
              -22.8764236
            ],
            [
              -47.2540815,
              -22.87651
            ],
            [
              -47.2586815,
              -22.8780182
            ],
            [
              -47.259482,
              -22.8781451
            ],
            [
              -47.2598913,
              -22.8781586
            ],
            [
              -47.2603742,
              -22.8781528
            ],
            [
              -47.2607215,
              -22.8781256
            ],
            [
              -47.2606492,
              -22.8783088
            ],
            [
              -47.2603175,
              -22.8789691
            ],
            [
              -47.2595346,
              -22.882123
            ],
            [
              -47.2595241,
              -22.8826982
            ],
            [
              -47.2586407,
              -22.8862378
            ],
            [
              -47.2576384,
              -22.8887984
            ],
            [
              -47.2562772,
              -22.8923171
            ],
            [
              -47.2555669,
              -22.8932567
            ],
            [
              -47.2595639,
              -22.8959187
            ],
            [
              -47.2576113,
              -22.8982944
            ],
            [
              -47.2545497,
              -22.8982529
            ],
            [
              -47.253753,
              -22.8984541
            ],
            [
              -47.253277,
              -22.8988447
            ],
            [
              -47.2516532,
              -22.9011173
            ],
            [
              -47.2501859,
              -22.9035213
            ],
            [
              -47.2459571,
              -22.9091471
            ],
            [
              -47.2455427,
              -22.9093402
            ],
            [
              -47.2451511,
              -22.9094366
            ],
            [
              -47.2448574,
              -22.9094436
            ],
            [
              -47.2443223,
              -22.909355
            ],
            [
              -47.2435176,
              -22.9090388
            ],
            [
              -47.2429906,
              -22.9085245
            ],
            [
              -47.24173,
              -22.9077833
            ],
            [
              -47.2412431,
              -22.9076626
            ],
            [
              -47.2406597,
              -22.9076005
            ],
            [
              -47.2402212,
              -22.9076799
            ],
            [
              -47.2397653,
              -22.9079517
            ],
            [
              -47.2390947,
              -22.9082358
            ],
            [
              -47.238797,
              -22.9083075
            ],
            [
              -47.2385958,
              -22.9082877
            ],
            [
              -47.2381505,
              -22.9081345
            ],
            [
              -47.2376477,
              -22.9080157
            ],
            [
              -47.2366673,
              -22.9079616
            ],
            [
              -47.2354697,
              -22.9080501
            ],
            [
              -47.2345966,
              -22.9082086
            ],
            [
              -47.2342855,
              -22.9083519
            ],
            [
              -47.2340387,
              -22.9086138
            ],
            [
              -47.2332307,
              -22.9101433
            ],
            [
              -47.2330356,
              -22.9102296
            ],
            [
              -47.232703,
              -22.9102296
            ],
            [
              -47.2324777,
              -22.9102296
            ],
            [
              -47.2322094,
              -22.9100962
            ],
            [
              -47.2321504,
              -22.9098442
            ],
            [
              -47.2321075,
              -22.9090783
            ],
            [
              -47.2318018,
              -22.9083865
            ],
            [
              -47.230922,
              -22.9075514
            ],
            [
              -47.2302675,
              -22.9066669
            ],
            [
              -47.2291074,
              -22.9047889
            ],
            [
              -47.2287548,
              -22.9045125
            ],
            [
              -47.227993,
              -22.9043346
            ],
            [
              -47.2270368,
              -22.9043935
            ],
            [
              -47.2255669,
              -22.9044528
            ],
            [
              -47.2238839,
              -22.9043445
            ],
            [
              -47.2234641,
              -22.904354
            ],
            [
              -47.223273,
              -22.9043655
            ],
            [
              -47.2230899,
              -22.9044087
            ],
            [
              -47.2220653,
              -22.9049844
            ],
            [
              -47.2219259,
              -22.9051598
            ],
            [
              -47.2217435,
              -22.9055601
            ],
            [
              -47.2214055,
              -22.9060443
            ],
            [
              -47.2212003,
              -22.9066369
            ],
            [
              -47.2209871,
              -22.9078627
            ],
            [
              -47.2212003,
              -22.9085245
            ],
            [
              -47.2210622,
              -22.9086533
            ],
            [
              -47.220397,
              -22.909019
            ],
            [
              -47.2199464,
              -22.9094044
            ],
            [
              -47.2196353,
              -22.9097602
            ],
            [
              -47.2190344,
              -22.91062
            ],
            [
              -47.2184444,
              -22.9114797
            ],
            [
              -47.2175646,
              -22.9121913
            ],
            [
              -47.2168887,
              -22.9127941
            ],
            [
              -47.2160947,
              -22.9132289
            ],
            [
              -47.2154081,
              -22.9131795
            ],
            [
              -47.2145712,
              -22.9129028
            ],
            [
              -47.2142708,
              -22.9128929
            ],
            [
              -47.2134233,
              -22.913051
            ],
            [
              -47.2123075,
              -22.9130906
            ],
            [
              -47.2119091,
              -22.9130309
            ],
            [
              -47.2112346,
              -22.9126656
            ],
            [
              -47.2105573,
              -22.9125368
            ],
            [
              -47.2097755,
              -22.9125174
            ],
            [
              -47.2090995,
              -22.9126459
            ],
            [
              -47.2085524,
              -22.9130313
            ],
            [
              -47.2074795,
              -22.9133772
            ],
            [
              -47.2068143,
              -22.913387
            ],
            [
              -47.2059131,
              -22.9131005
            ],
            [
              -47.2043038,
              -22.9123889
            ],
            [
              -47.2018683,
              -22.9119541
            ],
            [
              -47.201128,
              -22.9119837
            ],
            [
              -47.2005701,
              -22.9120529
            ],
            [
              -47.1976076,
              -22.9131495
            ],
            [
              -47.1970725,
              -22.913219
            ],
            [
              -47.1965361,
              -22.9131202
            ],
            [
              -47.1962879,
              -22.9128728
            ],
            [
              -47.1960948,
              -22.9124084
            ],
            [
              -47.1959661,
              -22.911766
            ],
            [
              -47.1958052,
              -22.9112718
            ],
            [
              -47.1955154,
              -22.9108666
            ],
            [
              -47.1949844,
              -22.9104911
            ],
            [
              -47.1947376,
              -22.9101625
            ],
            [
              -47.193838,
              -22.909185
            ],
            [
              -47.1931843,
              -22.9097355
            ],
            [
              -47.1931508,
              -22.9097637
            ],
            [
              -47.1928655,
              -22.9099517
            ],
            [
              -47.1927367,
              -22.9100365
            ],
            [
              -47.1899633,
              -22.9111236
            ],
            [
              -47.1895127,
              -22.9112175
            ],
            [
              -47.1884988,
              -22.9110248
            ],
            [
              -47.1881246,
              -22.9110004
            ],
            [
              -47.1877693,
              -22.9110644
            ],
            [
              -47.1871362,
              -22.9116178
            ],
            [
              -47.1861278,
              -22.9127345
            ],
            [
              -47.1852627,
              -22.9124482
            ],
            [
              -47.1848644,
              -22.9122798
            ],
            [
              -47.1845184,
              -22.9122008
            ],
            [
              -47.1842033,
              -22.912174
            ],
            [
              -47.1839082,
              -22.9121913
            ],
            [
              -47.1834254,
              -22.9122308
            ],
            [
              -47.1824317,
              -22.912354
            ],
            [
              -47.1819824,
              -22.9123543
            ],
            [
              -47.1811295,
              -22.9123988
            ],
            [
              -47.1807003,
              -22.9124285
            ],
            [
              -47.1804079,
              -22.9124729
            ],
            [
              -47.1798608,
              -22.9126607
            ],
            [
              -47.1796167,
              -22.9126953
            ],
            [
              -47.1794638,
              -22.9126385
            ],
            [
              -47.1793887,
              -22.9125223
            ],
            [
              -47.1793699,
              -22.9123543
            ],
            [
              -47.1792789,
              -22.9119605
            ],
            [
              -47.1792117,
              -22.9117565
            ],
            [
              -47.1791124,
              -22.9116552
            ],
            [
              -47.1789354,
              -22.9115638
            ],
            [
              -47.1786565,
              -22.9114229
            ],
            [
              -47.1784097,
              -22.9112525
            ],
            [
              -47.1781589,
              -22.9109976
            ],
            [
              -47.1779108,
              -22.9107089
            ],
            [
              -47.1771396,
              -22.9098207
            ],
            [
              -47.1770284,
              -22.9097355
            ],
            [
              -47.1768352,
              -22.9096466
            ],
            [
              -47.1761985,
              -22.909475
            ],
            [
              -47.1758401,
              -22.9094277
            ],
            [
              -47.1754217,
              -22.9093747
            ],
            [
              -47.1752072,
              -22.9092908
            ],
            [
              -47.1750046,
              -22.9090356
            ],
            [
              -47.1747941,
              -22.9087176
            ],
            [
              -47.1745051,
              -22.908488
            ],
            [
              -47.174192,
              -22.9082804
            ],
            [
              -47.1739201,
              -22.9082442
            ],
            [
              -47.1736837,
              -22.908258
            ],
            [
              -47.1731097,
              -22.908426
            ],
            [
              -47.172646,
              -22.9084808
            ],
            [
              -47.1723943,
              -22.9082958
            ],
            [
              -47.1722996,
              -22.9080851
            ],
            [
              -47.172246,
              -22.9078133
            ],
            [
              -47.1722192,
              -22.9071018
            ],
            [
              -47.1721923,
              -22.9068547
            ],
            [
              -47.1720958,
              -22.9066225
            ],
            [
              -47.1718919,
              -22.9064001
            ],
            [
              -47.1715111,
              -22.906237
            ],
            [
              -47.1711203,
              -22.9060814
            ],
            [
              -47.1701056,
              -22.9057083
            ],
            [
              -47.1682549,
              -22.9048584
            ],
            [
              -47.1678052,
              -22.9045097
            ],
            [
              -47.1670443,
              -22.9035379
            ],
            [
              -47.1667528,
              -22.9026742
            ],
            [
              -47.1665108,
              -22.901667
            ],
            [
              -47.1660394,
              -22.9005197
            ],
            [
              -47.1659911,
              -22.9001936
            ],
            [
              -47.1660554,
              -22.8998575
            ],
            [
              -47.1659748,
              -22.8996505
            ],
            [
              -47.1647115,
              -22.8980932
            ],
            [
              -47.1622117,
              -22.8946339
            ],
            [
              -47.1606239,
              -22.8898601
            ],
            [
              -47.1604335,
              -22.8895044
            ],
            [
              -47.1600366,
              -22.889198
            ],
            [
              -47.1588939,
              -22.8885061
            ],
            [
              -47.1582931,
              -22.8882393
            ],
            [
              -47.1580035,
              -22.888096
            ],
            [
              -47.1578157,
              -22.8878983
            ],
            [
              -47.1577245,
              -22.8877105
            ],
            [
              -47.1576895,
              -22.8875175
            ],
            [
              -47.1575797,
              -22.8868505
            ],
            [
              -47.1575662,
              -22.8865638
            ],
            [
              -47.157585,
              -22.8864379
            ],
            [
              -47.1576414,
              -22.8863069
            ],
            [
              -47.1579175,
              -22.8858842
            ],
            [
              -47.1580008,
              -22.885662
            ],
            [
              -47.1579739,
              -22.8854841
            ],
            [
              -47.1577674,
              -22.8850566
            ],
            [
              -47.1576011,
              -22.8846906
            ],
            [
              -47.157408,
              -22.8843226
            ],
            [
              -47.1573383,
              -22.8841101
            ],
            [
              -47.1572471,
              -22.8837246
            ],
            [
              -47.157231,
              -22.8835813
            ],
            [
              -47.157231,
              -22.8834157
            ],
            [
              -47.1572493,
              -22.8832155
            ],
            [
              -47.15729,
              -22.8829462
            ],
            [
              -47.1574295,
              -22.8824372
            ],
            [
              -47.1577004,
              -22.8813202
            ],
            [
              -47.1578908,
              -22.880784
            ],
            [
              -47.1579256,
              -22.8805984
            ],
            [
              -47.1579069,
              -22.8803639
            ],
            [
              -47.1577996,
              -22.8798103
            ],
            [
              -47.1577594,
              -22.8793062
            ],
            [
              -47.157774,
              -22.8789797
            ],
            [
              -47.1578237,
              -22.8785672
            ],
            [
              -47.1579686,
              -22.8779569
            ],
            [
              -47.1580303,
              -22.8777049
            ],
            [
              -47.1581134,
              -22.8774429
            ],
            [
              -47.1582127,
              -22.877223
            ],
            [
              -47.1583575,
              -22.87705
            ],
            [
              -47.1589047,
              -22.8765063
            ],
            [
              -47.1591246,
              -22.8762543
            ],
            [
              -47.1588428,
              -22.8759575
            ],
            [
              -47.1579363,
              -22.8752656
            ],
            [
              -47.157467,
              -22.8746702
            ],
            [
              -47.1570726,
              -22.8737877
            ],
            [
              -47.1564261,
              -22.8725708
            ],
            [
              -47.156158,
              -22.872174
            ],
            [
              -47.1560042,
              -22.8719399
            ],
            [
              -47.1560681,
              -22.8717229
            ],
            [
              -47.1561111,
              -22.871544
            ],
            [
              -47.1561433,
              -22.8713661
            ],
            [
              -47.1567255,
              -22.8671715
            ],
            [
              -47.1567337,
              -22.8671214
            ],
            [
              -47.156917,
              -22.8659971
            ],
            [
              -47.1570619,
              -22.8651085
            ],
            [
              -47.1575272,
              -22.8619831
            ],
            [
              -47.157579,
              -22.8617199
            ],
            [
              -47.1576494,
              -22.8613469
            ],
            [
              -47.1577096,
              -22.8611354
            ],
            [
              -47.1577781,
              -22.8609379
            ],
            [
              -47.1578962,
              -22.8606982
            ],
            [
              -47.1579833,
              -22.8605338
            ],
            [
              -47.1581523,
              -22.8602953
            ],
            [
              -47.1583065,
              -22.8601347
            ],
            [
              -47.1585104,
              -22.8599604
            ],
            [
              -47.1586861,
              -22.8598245
            ],
            [
              -47.1588399,
              -22.8597334
            ],
            [
              -47.1591125,
              -22.8595699
            ],
            [
              -47.159368,
              -22.8594527
            ],
            [
              -47.159753,
              -22.859318
            ],
            [
              -47.1600996,
              -22.8592424
            ],
            [
              -47.1604268,
              -22.8591831
            ],
            [
              -47.1609284,
              -22.8590929
            ]
          ]
        ]
      },
      "id": "relation/298407"
    },
    {
      "type": "Feature",
      "properties": {
        "@id": "relation/5684889",
        "IBGE:GEOCODIGO": "351907105",
        "admin_level": "9",
        "boundary": "administrative",
        "name": "Hortolândia",
        "type": "boundary"
      },
      "geometry": {
        "type": "Polygon",
        "coordinates": [
          [
            [
              -47.1813735,
              -22.8599134
            ],
            [
              -47.1872267,
              -22.8589215
            ],
            [
              -47.1880107,
              -22.8587864
            ],
            [
              -47.1886785,
              -22.8586764
            ],
            [
              -47.188765,
              -22.8586408
            ],
            [
              -47.1928495,
              -22.8544875
            ],
            [
              -47.193019,
              -22.8543822
            ],
            [
              -47.1924071,
              -22.8521644
            ],
            [
              -47.1929997,
              -22.8517837
            ],
            [
              -47.1971922,
              -22.8491601
            ],
            [
              -47.2004374,
              -22.8471953
            ],
            [
              -47.2030348,
              -22.8456386
            ],
            [
              -47.2033903,
              -22.8454062
            ],
            [
              -47.2036802,
              -22.8452295
            ],
            [
              -47.2034481,
              -22.8443457
            ],
            [
              -47.2031758,
              -22.8431632
            ],
            [
              -47.2034062,
              -22.8422832
            ],
            [
              -47.2039536,
              -22.8416654
            ],
            [
              -47.2043913,
              -22.841043
            ],
            [
              -47.2049563,
              -22.8405316
            ],
            [
              -47.2053502,
              -22.8426725
            ],
            [
              -47.2070845,
              -22.8424517
            ],
            [
              -47.2071333,
              -22.8426407
            ],
            [
              -47.2075467,
              -22.8442426
            ],
            [
              -47.2079912,
              -22.8459111
            ],
            [
              -47.208105,
              -22.846215
            ],
            [
              -47.208235,
              -22.8464644
            ],
            [
              -47.2083892,
              -22.8466595
            ],
            [
              -47.2085916,
              -22.846825
            ],
            [
              -47.2099494,
              -22.8474416
            ],
            [
              -47.2103503,
              -22.8476203
            ],
            [
              -47.2104623,
              -22.8476702
            ],
            [
              -47.2106004,
              -22.8477148
            ],
            [
              -47.2109679,
              -22.8478333
            ],
            [
              -47.2111528,
              -22.8478924
            ],
            [
              -47.2115227,
              -22.8480453
            ],
            [
              -47.2125682,
              -22.8485042
            ],
            [
              -47.2125928,
              -22.8484172
            ],
            [
              -47.21263,
              -22.8483162
            ],
            [
              -47.2129268,
              -22.8474132
            ],
            [
              -47.213351,
              -22.8464438
            ],
            [
              -47.2138011,
              -22.8409308
            ],
            [
              -47.2163336,
              -22.8378677
            ],
            [
              -47.2176473,
              -22.8378183
            ],
            [
              -47.2191602,
              -22.8377615
            ],
            [
              -47.2194949,
              -22.8373884
            ],
            [
              -47.2197024,
              -22.8371572
            ],
            [
              -47.2198179,
              -22.8370186
            ],
            [
              -47.2202737,
              -22.8364716
            ],
            [
              -47.2204804,
              -22.8362181
            ],
            [
              -47.2208391,
              -22.8357931
            ],
            [
              -47.2208504,
              -22.8357796
            ],
            [
              -47.2222961,
              -22.8340449
            ],
            [
              -47.2283369,
              -22.8271576
            ],
            [
              -47.2296162,
              -22.8261931
            ],
            [
              -47.2333976,
              -22.8242955
            ],
            [
              -47.2332661,
              -22.8252181
            ],
            [
              -47.2332898,
              -22.8253711
            ],
            [
              -47.2335986,
              -22.826073
            ],
            [
              -47.2340181,
              -22.8267543
            ],
            [
              -47.2340406,
              -22.8268496
            ],
            [
              -47.2340332,
              -22.8269638
            ],
            [
              -47.2340609,
              -22.8270553
            ],
            [
              -47.2342071,
              -22.8271104
            ],
            [
              -47.2343555,
              -22.8271988
            ],
            [
              -47.2344306,
              -22.8273887
            ],
            [
              -47.2344449,
              -22.8276078
            ],
            [
              -47.2345178,
              -22.8277456
            ],
            [
              -47.2346175,
              -22.8278191
            ],
            [
              -47.2347377,
              -22.8278795
            ],
            [
              -47.2348991,
              -22.8279883
            ],
            [
              -47.235009,
              -22.828097
            ],
            [
              -47.2350328,
              -22.82819
            ],
            [
              -47.2349902,
              -22.8282889
            ],
            [
              -47.234878,
              -22.828423
            ],
            [
              -47.2348034,
              -22.8285571
            ],
            [
              -47.2348046,
              -22.8286211
            ],
            [
              -47.2348944,
              -22.8287575
            ],
            [
              -47.2350484,
              -22.8289034
            ],
            [
              -47.2348275,
              -22.8399995
            ],
            [
              -47.2368183,
              -22.8400244
            ],
            [
              -47.2385548,
              -22.8412491
            ],
            [
              -47.2403926,
              -22.8464777
            ],
            [
              -47.2400246,
              -22.8467028
            ],
            [
              -47.2406349,
              -22.8492688
            ],
            [
              -47.2408499,
              -22.8511669
            ],
            [
              -47.2410924,
              -22.8522295
            ],
            [
              -47.2410682,
              -22.8531149
            ],
            [
              -47.2402543,
              -22.8536254
            ],
            [
              -47.2391024,
              -22.8538716
            ],
            [
              -47.2384386,
              -22.8538835
            ],
            [
              -47.2377419,
              -22.853784
            ],
            [
              -47.2372069,
              -22.8538687
            ],
            [
              -47.2370505,
              -22.8541395
            ],
            [
              -47.2364794,
              -22.8555349
            ],
            [
              -47.235,
              -22.857
            ],
            [
              -47.235668,
              -22.8605291
            ],
            [
              -47.2357558,
              -22.8609932
            ],
            [
              -47.2359539,
              -22.8614179
            ],
            [
              -47.2367343,
              -22.8621419
            ],
            [
              -47.2368389,
              -22.8623361
            ],
            [
              -47.236799,
              -22.8626989
            ],
            [
              -47.2367626,
              -22.8629783
            ],
            [
              -47.2370262,
              -22.8635211
            ],
            [
              -47.2371484,
              -22.8636482
            ],
            [
              -47.2372956,
              -22.8636477
            ],
            [
              -47.237447,
              -22.863634
            ],
            [
              -47.2376401,
              -22.8635933
            ],
            [
              -47.2377893,
              -22.8636931
            ],
            [
              -47.2379686,
              -22.8639189
            ],
            [
              -47.2381004,
              -22.8640683
            ],
            [
              -47.2382189,
              -22.8643117
            ],
            [
              -47.2383967,
              -22.8645699
            ],
            [
              -47.2384596,
              -22.8646515
            ],
            [
              -47.2384844,
              -22.8647873
            ],
            [
              -47.2384947,
              -22.8649459
            ],
            [
              -47.238524,
              -22.8651045
            ],
            [
              -47.2385627,
              -22.8652239
            ],
            [
              -47.2385938,
              -22.8652956
            ],
            [
              -47.2386356,
              -22.865359
            ],
            [
              -47.2387001,
              -22.8653908
            ],
            [
              -47.238752,
              -22.8654669
            ],
            [
              -47.2387551,
              -22.8655376
            ],
            [
              -47.2387217,
              -22.8655896
            ],
            [
              -47.2387109,
              -22.8656832
            ],
            [
              -47.2387779,
              -22.8657312
            ],
            [
              -47.238843,
              -22.8657833
            ],
            [
              -47.2388803,
              -22.8658446
            ],
            [
              -47.2389611,
              -22.8659105
            ],
            [
              -47.2390037,
              -22.8660116
            ],
            [
              -47.2390777,
              -22.8660997
            ],
            [
              -47.2391805,
              -22.8661701
            ],
            [
              -47.2392616,
              -22.866223
            ],
            [
              -47.2393092,
              -22.8663199
            ],
            [
              -47.2393469,
              -22.866408
            ],
            [
              -47.239346,
              -22.8665313
            ],
            [
              -47.239325,
              -22.8666369
            ],
            [
              -47.239302,
              -22.8666985
            ],
            [
              -47.2392562,
              -22.8667688
            ],
            [
              -47.2392411,
              -22.8669007
            ],
            [
              -47.2392298,
              -22.8669793
            ],
            [
              -47.2392456,
              -22.867119
            ],
            [
              -47.2392581,
              -22.8671869
            ],
            [
              -47.2393118,
              -22.8672348
            ],
            [
              -47.2393618,
              -22.8673216
            ],
            [
              -47.2394615,
              -22.8674682
            ],
            [
              -47.2394893,
              -22.867615
            ],
            [
              -47.2394947,
              -22.8678224
            ],
            [
              -47.2395985,
              -22.8685079
            ],
            [
              -47.239743,
              -22.8700174
            ],
            [
              -47.2401525,
              -22.8714455
            ],
            [
              -47.2400505,
              -22.8718086
            ],
            [
              -47.2399192,
              -22.8727393
            ],
            [
              -47.2398471,
              -22.873569
            ],
            [
              -47.2401421,
              -22.8735952
            ],
            [
              -47.2404369,
              -22.8736297
            ],
            [
              -47.2407255,
              -22.8736953
            ],
            [
              -47.2411975,
              -22.8738473
            ],
            [
              -47.2413099,
              -22.8739032
            ],
            [
              -47.2414113,
              -22.873975
            ],
            [
              -47.2414989,
              -22.8740606
            ],
            [
              -47.2415707,
              -22.874158
            ],
            [
              -47.2416249,
              -22.8742646
            ],
            [
              -47.2416599,
              -22.8743778
            ],
            [
              -47.241675,
              -22.8744947
            ],
            [
              -47.2418077,
              -22.8762592
            ],
            [
              -47.2418205,
              -22.8763649
            ],
            [
              -47.2418523,
              -22.8764672
            ],
            [
              -47.2419024,
              -22.876563
            ],
            [
              -47.2419694,
              -22.8766497
            ],
            [
              -47.2420512,
              -22.8767247
            ],
            [
              -47.2421455,
              -22.876786
            ],
            [
              -47.2422497,
              -22.8768318
            ],
            [
              -47.2423608,
              -22.8768608
            ],
            [
              -47.2424756,
              -22.8768721
            ],
            [
              -47.2498946,
              -22.8765928
            ],
            [
              -47.251251,
              -22.8765187
            ],
            [
              -47.2523925,
              -22.8764564
            ],
            [
              -47.2525004,
              -22.8764587
            ],
            [
              -47.2525889,
              -22.876447
            ],
            [
              -47.2531454,
              -22.8763877
            ],
            [
              -47.2534473,
              -22.8763851
            ],
            [
              -47.2537462,
              -22.8764236
            ],
            [
              -47.2540815,
              -22.87651
            ],
            [
              -47.2586815,
              -22.8780182
            ],
            [
              -47.259482,
              -22.8781451
            ],
            [
              -47.2598913,
              -22.8781586
            ],
            [
              -47.2603742,
              -22.8781528
            ],
            [
              -47.2607215,
              -22.8781256
            ],
            [
              -47.2606492,
              -22.8783088
            ],
            [
              -47.2603175,
              -22.8789691
            ],
            [
              -47.2595346,
              -22.882123
            ],
            [
              -47.2595241,
              -22.8826982
            ],
            [
              -47.2586407,
              -22.8862378
            ],
            [
              -47.2576384,
              -22.8887984
            ],
            [
              -47.2562772,
              -22.8923171
            ],
            [
              -47.2555669,
              -22.8932567
            ],
            [
              -47.2595639,
              -22.8959187
            ],
            [
              -47.2576113,
              -22.8982944
            ],
            [
              -47.2545497,
              -22.8982529
            ],
            [
              -47.253753,
              -22.8984541
            ],
            [
              -47.253277,
              -22.8988447
            ],
            [
              -47.2516532,
              -22.9011173
            ],
            [
              -47.2501859,
              -22.9035213
            ],
            [
              -47.2459571,
              -22.9091471
            ],
            [
              -47.2455427,
              -22.9093402
            ],
            [
              -47.2451511,
              -22.9094366
            ],
            [
              -47.2448574,
              -22.9094436
            ],
            [
              -47.2443223,
              -22.909355
            ],
            [
              -47.2435176,
              -22.9090388
            ],
            [
              -47.2429906,
              -22.9085245
            ],
            [
              -47.24173,
              -22.9077833
            ],
            [
              -47.2412431,
              -22.9076626
            ],
            [
              -47.2406597,
              -22.9076005
            ],
            [
              -47.2402212,
              -22.9076799
            ],
            [
              -47.2397653,
              -22.9079517
            ],
            [
              -47.2390947,
              -22.9082358
            ],
            [
              -47.238797,
              -22.9083075
            ],
            [
              -47.2385958,
              -22.9082877
            ],
            [
              -47.2381505,
              -22.9081345
            ],
            [
              -47.2376477,
              -22.9080157
            ],
            [
              -47.2366673,
              -22.9079616
            ],
            [
              -47.2354697,
              -22.9080501
            ],
            [
              -47.2345966,
              -22.9082086
            ],
            [
              -47.2342855,
              -22.9083519
            ],
            [
              -47.2340387,
              -22.9086138
            ],
            [
              -47.2332307,
              -22.9101433
            ],
            [
              -47.2330356,
              -22.9102296
            ],
            [
              -47.232703,
              -22.9102296
            ],
            [
              -47.2324777,
              -22.9102296
            ],
            [
              -47.2322094,
              -22.9100962
            ],
            [
              -47.2321504,
              -22.9098442
            ],
            [
              -47.2321075,
              -22.9090783
            ],
            [
              -47.2318018,
              -22.9083865
            ],
            [
              -47.230922,
              -22.9075514
            ],
            [
              -47.2302675,
              -22.9066669
            ],
            [
              -47.2291074,
              -22.9047889
            ],
            [
              -47.2287548,
              -22.9045125
            ],
            [
              -47.227993,
              -22.9043346
            ],
            [
              -47.2270368,
              -22.9043935
            ],
            [
              -47.2255669,
              -22.9044528
            ],
            [
              -47.2238839,
              -22.9043445
            ],
            [
              -47.2234641,
              -22.904354
            ],
            [
              -47.223273,
              -22.9043655
            ],
            [
              -47.2230899,
              -22.9044087
            ],
            [
              -47.2220653,
              -22.9049844
            ],
            [
              -47.2219259,
              -22.9051598
            ],
            [
              -47.2217435,
              -22.9055601
            ],
            [
              -47.2214055,
              -22.9060443
            ],
            [
              -47.2212003,
              -22.9066369
            ],
            [
              -47.2209871,
              -22.9078627
            ],
            [
              -47.2212003,
              -22.9085245
            ],
            [
              -47.2210622,
              -22.9086533
            ],
            [
              -47.220397,
              -22.909019
            ],
            [
              -47.2199464,
              -22.9094044
            ],
            [
              -47.2196353,
              -22.9097602
            ],
            [
              -47.2190344,
              -22.91062
            ],
            [
              -47.2184444,
              -22.9114797
            ],
            [
              -47.2175646,
              -22.9121913
            ],
            [
              -47.2168887,
              -22.9127941
            ],
            [
              -47.2160947,
              -22.9132289
            ],
            [
              -47.2154081,
              -22.9131795
            ],
            [
              -47.2145712,
              -22.9129028
            ],
            [
              -47.2142708,
              -22.9128929
            ],
            [
              -47.2134233,
              -22.913051
            ],
            [
              -47.2123075,
              -22.9130906
            ],
            [
              -47.2119091,
              -22.9130309
            ],
            [
              -47.2112346,
              -22.9126656
            ],
            [
              -47.2105573,
              -22.9125368
            ],
            [
              -47.2097755,
              -22.9125174
            ],
            [
              -47.2090995,
              -22.9126459
            ],
            [
              -47.2085524,
              -22.9130313
            ],
            [
              -47.2074795,
              -22.9133772
            ],
            [
              -47.2068143,
              -22.913387
            ],
            [
              -47.2059131,
              -22.9131005
            ],
            [
              -47.2043038,
              -22.9123889
            ],
            [
              -47.2018683,
              -22.9119541
            ],
            [
              -47.201128,
              -22.9119837
            ],
            [
              -47.2005701,
              -22.9120529
            ],
            [
              -47.1976076,
              -22.9131495
            ],
            [
              -47.1970725,
              -22.913219
            ],
            [
              -47.1965361,
              -22.9131202
            ],
            [
              -47.1962879,
              -22.9128728
            ],
            [
              -47.1960948,
              -22.9124084
            ],
            [
              -47.1959661,
              -22.911766
            ],
            [
              -47.1958052,
              -22.9112718
            ],
            [
              -47.1955154,
              -22.9108666
            ],
            [
              -47.1949844,
              -22.9104911
            ],
            [
              -47.1947376,
              -22.9101625
            ],
            [
              -47.193838,
              -22.909185
            ],
            [
              -47.1931843,
              -22.9097355
            ],
            [
              -47.1931508,
              -22.9097637
            ],
            [
              -47.1928655,
              -22.9099517
            ],
            [
              -47.1927367,
              -22.9100365
            ],
            [
              -47.1899633,
              -22.9111236
            ],
            [
              -47.1895127,
              -22.9112175
            ],
            [
              -47.1884988,
              -22.9110248
            ],
            [
              -47.1881246,
              -22.9110004
            ],
            [
              -47.1877693,
              -22.9110644
            ],
            [
              -47.1871362,
              -22.9116178
            ],
            [
              -47.1861278,
              -22.9127345
            ],
            [
              -47.1852627,
              -22.9124482
            ],
            [
              -47.1848644,
              -22.9122798
            ],
            [
              -47.1845184,
              -22.9122008
            ],
            [
              -47.1842033,
              -22.912174
            ],
            [
              -47.1839082,
              -22.9121913
            ],
            [
              -47.1834254,
              -22.9122308
            ],
            [
              -47.1824317,
              -22.912354
            ],
            [
              -47.1819824,
              -22.9123543
            ],
            [
              -47.1811295,
              -22.9123988
            ],
            [
              -47.1807003,
              -22.9124285
            ],
            [
              -47.1804079,
              -22.9124729
            ],
            [
              -47.1798608,
              -22.9126607
            ],
            [
              -47.1796167,
              -22.9126953
            ],
            [
              -47.1794638,
              -22.9126385
            ],
            [
              -47.1793887,
              -22.9125223
            ],
            [
              -47.1793699,
              -22.9123543
            ],
            [
              -47.1792789,
              -22.9119605
            ],
            [
              -47.1792117,
              -22.9117565
            ],
            [
              -47.1791124,
              -22.9116552
            ],
            [
              -47.1789354,
              -22.9115638
            ],
            [
              -47.1786565,
              -22.9114229
            ],
            [
              -47.1784097,
              -22.9112525
            ],
            [
              -47.1781589,
              -22.9109976
            ],
            [
              -47.1779108,
              -22.9107089
            ],
            [
              -47.1771396,
              -22.9098207
            ],
            [
              -47.1770284,
              -22.9097355
            ],
            [
              -47.1768352,
              -22.9096466
            ],
            [
              -47.1761985,
              -22.909475
            ],
            [
              -47.1758401,
              -22.9094277
            ],
            [
              -47.1754217,
              -22.9093747
            ],
            [
              -47.1752072,
              -22.9092908
            ],
            [
              -47.1750046,
              -22.9090356
            ],
            [
              -47.1747941,
              -22.9087176
            ],
            [
              -47.1745051,
              -22.908488
            ],
            [
              -47.174192,
              -22.9082804
            ],
            [
              -47.1739201,
              -22.9082442
            ],
            [
              -47.1736837,
              -22.908258
            ],
            [
              -47.1731097,
              -22.908426
            ],
            [
              -47.172646,
              -22.9084808
            ],
            [
              -47.1723943,
              -22.9082958
            ],
            [
              -47.1722996,
              -22.9080851
            ],
            [
              -47.172246,
              -22.9078133
            ],
            [
              -47.1722192,
              -22.9071018
            ],
            [
              -47.1721923,
              -22.9068547
            ],
            [
              -47.1720958,
              -22.9066225
            ],
            [
              -47.1718919,
              -22.9064001
            ],
            [
              -47.1715111,
              -22.906237
            ],
            [
              -47.1711203,
              -22.9060814
            ],
            [
              -47.1701056,
              -22.9057083
            ],
            [
              -47.1682549,
              -22.9048584
            ],
            [
              -47.1678052,
              -22.9045097
            ],
            [
              -47.1670443,
              -22.9035379
            ],
            [
              -47.1667528,
              -22.9026742
            ],
            [
              -47.1665108,
              -22.901667
            ],
            [
              -47.1660394,
              -22.9005197
            ],
            [
              -47.1659911,
              -22.9001936
            ],
            [
              -47.1660554,
              -22.8998575
            ],
            [
              -47.1659748,
              -22.8996505
            ],
            [
              -47.1647115,
              -22.8980932
            ],
            [
              -47.1622117,
              -22.8946339
            ],
            [
              -47.1606239,
              -22.8898601
            ],
            [
              -47.1604335,
              -22.8895044
            ],
            [
              -47.1600366,
              -22.889198
            ],
            [
              -47.1588939,
              -22.8885061
            ],
            [
              -47.1582931,
              -22.8882393
            ],
            [
              -47.1580035,
              -22.888096
            ],
            [
              -47.1578157,
              -22.8878983
            ],
            [
              -47.1577245,
              -22.8877105
            ],
            [
              -47.1576895,
              -22.8875175
            ],
            [
              -47.1575797,
              -22.8868505
            ],
            [
              -47.1575662,
              -22.8865638
            ],
            [
              -47.157585,
              -22.8864379
            ],
            [
              -47.1576414,
              -22.8863069
            ],
            [
              -47.1579175,
              -22.8858842
            ],
            [
              -47.1580008,
              -22.885662
            ],
            [
              -47.1579739,
              -22.8854841
            ],
            [
              -47.1577674,
              -22.8850566
            ],
            [
              -47.1576011,
              -22.8846906
            ],
            [
              -47.157408,
              -22.8843226
            ],
            [
              -47.1573383,
              -22.8841101
            ],
            [
              -47.1572471,
              -22.8837246
            ],
            [
              -47.157231,
              -22.8835813
            ],
            [
              -47.157231,
              -22.8834157
            ],
            [
              -47.1572493,
              -22.8832155
            ],
            [
              -47.15729,
              -22.8829462
            ],
            [
              -47.1574295,
              -22.8824372
            ],
            [
              -47.1577004,
              -22.8813202
            ],
            [
              -47.1578908,
              -22.880784
            ],
            [
              -47.1579256,
              -22.8805984
            ],
            [
              -47.1579069,
              -22.8803639
            ],
            [
              -47.1577996,
              -22.8798103
            ],
            [
              -47.1577594,
              -22.8793062
            ],
            [
              -47.157774,
              -22.8789797
            ],
            [
              -47.1578237,
              -22.8785672
            ],
            [
              -47.1579686,
              -22.8779569
            ],
            [
              -47.1580303,
              -22.8777049
            ],
            [
              -47.1581134,
              -22.8774429
            ],
            [
              -47.1582127,
              -22.877223
            ],
            [
              -47.1583575,
              -22.87705
            ],
            [
              -47.1589047,
              -22.8765063
            ],
            [
              -47.1591246,
              -22.8762543
            ],
            [
              -47.1588428,
              -22.8759575
            ],
            [
              -47.1579363,
              -22.8752656
            ],
            [
              -47.157467,
              -22.8746702
            ],
            [
              -47.1570726,
              -22.8737877
            ],
            [
              -47.1564261,
              -22.8725708
            ],
            [
              -47.156158,
              -22.872174
            ],
            [
              -47.1560042,
              -22.8719399
            ],
            [
              -47.1560681,
              -22.8717229
            ],
            [
              -47.1561111,
              -22.871544
            ],
            [
              -47.1561433,
              -22.8713661
            ],
            [
              -47.1567255,
              -22.8671715
            ],
            [
              -47.1567337,
              -22.8671214
            ],
            [
              -47.156917,
              -22.8659971
            ],
            [
              -47.1570619,
              -22.8651085
            ],
            [
              -47.1575272,
              -22.8619831
            ],
            [
              -47.157579,
              -22.8617199
            ],
            [
              -47.1576494,
              -22.8613469
            ],
            [
              -47.1577096,
              -22.8611354
            ],
            [
              -47.1577781,
              -22.8609379
            ],
            [
              -47.1578962,
              -22.8606982
            ],
            [
              -47.1579833,
              -22.8605338
            ],
            [
              -47.1581523,
              -22.8602953
            ],
            [
              -47.1583065,
              -22.8601347
            ],
            [
              -47.1585104,
              -22.8599604
            ],
            [
              -47.1586861,
              -22.8598245
            ],
            [
              -47.1588399,
              -22.8597334
            ],
            [
              -47.1591125,
              -22.8595699
            ],
            [
              -47.159368,
              -22.8594527
            ],
            [
              -47.159753,
              -22.859318
            ],
            [
              -47.1600996,
              -22.8592424
            ],
            [
              -47.1604268,
              -22.8591831
            ],
            [
              -47.1609284,
              -22.8590929
            ],
            [
              -47.1649396,
              -22.8583984
            ],
            [
              -47.1660823,
              -22.8582105
            ],
            [
              -47.1666884,
              -22.858124
            ],
            [
              -47.1673751,
              -22.8580795
            ],
            [
              -47.1692292,
              -22.8580563
            ],
            [
              -47.1699876,
              -22.8580449
            ],
            [
              -47.1716344,
              -22.8580202
            ],
            [
              -47.1744058,
              -22.8578931
            ],
            [
              -47.1764658,
              -22.8577646
            ],
            [
              -47.1773998,
              -22.8577187
            ],
            [
              -47.177595,
              -22.8577201
            ],
            [
              -47.1778223,
              -22.8577335
            ],
            [
              -47.1780537,
              -22.8577646
            ],
            [
              -47.1782319,
              -22.8578009
            ],
            [
              -47.1782344,
              -22.8578019
            ],
            [
              -47.1783401,
              -22.8578456
            ],
            [
              -47.178572,
              -22.8579584
            ],
            [
              -47.1787141,
              -22.8580523
            ],
            [
              -47.1788606,
              -22.8581698
            ],
            [
              -47.1790132,
              -22.8583267
            ],
            [
              -47.1791314,
              -22.8584784
            ],
            [
              -47.1792734,
              -22.8586987
            ],
            [
              -47.1794303,
              -22.8589681
            ],
            [
              -47.1795644,
              -22.8592202
            ],
            [
              -47.1796314,
              -22.8593264
            ],
            [
              -47.1797305,
              -22.8594499
            ],
            [
              -47.1798648,
              -22.8595884
            ],
            [
              -47.1800808,
              -22.8597643
            ],
            [
              -47.1802296,
              -22.8598603
            ],
            [
              -47.1803631,
              -22.8599236
            ],
            [
              -47.1805072,
              -22.8599814
            ],
            [
              -47.1806823,
              -22.8600237
            ],
            [
              -47.180821,
              -22.8600494
            ],
            [
              -47.1810208,
              -22.8600565
            ],
            [
              -47.1811702,
              -22.8600527
            ],
            [
              -47.1813735,
              -22.8599134
            ]
          ]
        ]
      },
      "id": "relation/5684889"
    },
    {
      "type": "Feature",
      "properties": {
        "@id": "way/42846439",
        "note": "Divisa segue pelo divisor das águas Quilombo-Capivari e pelo divisor das águas Quilombo-Jacuba ou Hortolândia, até cruzar a ferrovia à leste (Lei Estadual nº 9.330/1995).",
        "source": "IGC-SP 1970;Estado de São Paulo: Lei nº 9.330/1995",
        "@relations": [
          {
            "role": "outer",
            "rel": 298407,
            "reltags": {
              "IBGE:GEOCODIGO": "3519071",
              "admin_level": "8",
              "boundary": "administrative",
              "name": "Hortolândia",
              "place": "municipality",
              "population": "236641",
              "population:date": "2023-08-31",
              "source": "IBGE",
              "source:population": "IBGE, DOU de 31/08/2023",
              "type": "boundary",
              "wikidata": "Q952617",
              "wikipedia": "pt:Hortolândia"
            }
          },
          {
            "role": "outer",
            "rel": 5684889,
            "reltags": {
              "IBGE:GEOCODIGO": "351907105",
              "admin_level": "9",
              "boundary": "administrative",
              "name": "Hortolândia",
              "type": "boundary"
            }
          }
        ]
      },
      "geometry": {
        "type": "LineString",
        "coordinates": [
          [
            -47.2459571,
            -22.9091471
          ],
          [
            -47.2455427,
            -22.9093402
          ],
          [
            -47.2451511,
            -22.9094366
          ],
          [
            -47.2448574,
            -22.9094436
          ],
          [
            -47.2443223,
            -22.909355
          ],
          [
            -47.2435176,
            -22.9090388
          ],
          [
            -47.2429906,
            -22.9085245
          ],
          [
            -47.24173,
            -22.9077833
          ],
          [
            -47.2412431,
            -22.9076626
          ],
          [
            -47.2406597,
            -22.9076005
          ],
          [
            -47.2402212,
            -22.9076799
          ],
          [
            -47.2397653,
            -22.9079517
          ],
          [
            -47.2390947,
            -22.9082358
          ],
          [
            -47.238797,
            -22.9083075
          ],
          [
            -47.2385958,
            -22.9082877
          ],
          [
            -47.2381505,
            -22.9081345
          ],
          [
            -47.2376477,
            -22.9080157
          ],
          [
            -47.2366673,
            -22.9079616
          ],
          [
            -47.2354697,
            -22.9080501
          ],
          [
            -47.2345966,
            -22.9082086
          ],
          [
            -47.2342855,
            -22.9083519
          ],
          [
            -47.2340387,
            -22.9086138
          ],
          [
            -47.2332307,
            -22.9101433
          ],
          [
            -47.2330356,
            -22.9102296
          ],
          [
            -47.232703,
            -22.9102296
          ],
          [
            -47.2324777,
            -22.9102296
          ],
          [
            -47.2322094,
            -22.9100962
          ],
          [
            -47.2321504,
            -22.9098442
          ],
          [
            -47.2321075,
            -22.9090783
          ],
          [
            -47.2318018,
            -22.9083865
          ],
          [
            -47.230922,
            -22.9075514
          ],
          [
            -47.2302675,
            -22.9066669
          ],
          [
            -47.2291074,
            -22.9047889
          ],
          [
            -47.2287548,
            -22.9045125
          ],
          [
            -47.227993,
            -22.9043346
          ],
          [
            -47.2270368,
            -22.9043935
          ],
          [
            -47.2255669,
            -22.9044528
          ],
          [
            -47.2238839,
            -22.9043445
          ],
          [
            -47.2234641,
            -22.904354
          ],
          [
            -47.223273,
            -22.9043655
          ],
          [
            -47.2230899,
            -22.9044087
          ],
          [
            -47.2220653,
            -22.9049844
          ],
          [
            -47.2219259,
            -22.9051598
          ],
          [
            -47.2217435,
            -22.9055601
          ],
          [
            -47.2214055,
            -22.9060443
          ],
          [
            -47.2212003,
            -22.9066369
          ],
          [
            -47.2209871,
            -22.9078627
          ],
          [
            -47.2212003,
            -22.9085245
          ],
          [
            -47.2210622,
            -22.9086533
          ],
          [
            -47.220397,
            -22.909019
          ],
          [
            -47.2199464,
            -22.9094044
          ],
          [
            -47.2196353,
            -22.9097602
          ],
          [
            -47.2190344,
            -22.91062
          ],
          [
            -47.2184444,
            -22.9114797
          ],
          [
            -47.2175646,
            -22.9121913
          ],
          [
            -47.2168887,
            -22.9127941
          ],
          [
            -47.2160947,
            -22.9132289
          ],
          [
            -47.2154081,
            -22.9131795
          ],
          [
            -47.2145712,
            -22.9129028
          ],
          [
            -47.2142708,
            -22.9128929
          ],
          [
            -47.2134233,
            -22.913051
          ],
          [
            -47.2123075,
            -22.9130906
          ],
          [
            -47.2119091,
            -22.9130309
          ],
          [
            -47.2112346,
            -22.9126656
          ],
          [
            -47.2105573,
            -22.9125368
          ],
          [
            -47.2097755,
            -22.9125174
          ],
          [
            -47.2090995,
            -22.9126459
          ],
          [
            -47.2085524,
            -22.9130313
          ],
          [
            -47.2074795,
            -22.9133772
          ],
          [
            -47.2068143,
            -22.913387
          ],
          [
            -47.2059131,
            -22.9131005
          ],
          [
            -47.2043038,
            -22.9123889
          ],
          [
            -47.2018683,
            -22.9119541
          ],
          [
            -47.201128,
            -22.9119837
          ],
          [
            -47.2005701,
            -22.9120529
          ],
          [
            -47.1976076,
            -22.9131495
          ],
          [
            -47.1970725,
            -22.913219
          ],
          [
            -47.1965361,
            -22.9131202
          ],
          [
            -47.1962879,
            -22.9128728
          ],
          [
            -47.1960948,
            -22.9124084
          ],
          [
            -47.1959661,
            -22.911766
          ],
          [
            -47.1958052,
            -22.9112718
          ],
          [
            -47.1955154,
            -22.9108666
          ],
          [
            -47.1949844,
            -22.9104911
          ],
          [
            -47.1947376,
            -22.9101625
          ],
          [
            -47.193838,
            -22.909185
          ],
          [
            -47.1931843,
            -22.9097355
          ],
          [
            -47.1931508,
            -22.9097637
          ],
          [
            -47.1928655,
            -22.9099517
          ],
          [
            -47.1927367,
            -22.9100365
          ],
          [
            -47.1899633,
            -22.9111236
          ],
          [
            -47.1895127,
            -22.9112175
          ],
          [
            -47.1884988,
            -22.9110248
          ],
          [
            -47.1881246,
            -22.9110004
          ],
          [
            -47.1877693,
            -22.9110644
          ],
          [
            -47.1871362,
            -22.9116178
          ],
          [
            -47.1861278,
            -22.9127345
          ],
          [
            -47.1852627,
            -22.9124482
          ],
          [
            -47.1848644,
            -22.9122798
          ],
          [
            -47.1845184,
            -22.9122008
          ],
          [
            -47.1842033,
            -22.912174
          ],
          [
            -47.1839082,
            -22.9121913
          ],
          [
            -47.1834254,
            -22.9122308
          ],
          [
            -47.1824317,
            -22.912354
          ],
          [
            -47.1819824,
            -22.9123543
          ],
          [
            -47.1811295,
            -22.9123988
          ],
          [
            -47.1807003,
            -22.9124285
          ],
          [
            -47.1804079,
            -22.9124729
          ],
          [
            -47.1798608,
            -22.9126607
          ],
          [
            -47.1796167,
            -22.9126953
          ],
          [
            -47.1794638,
            -22.9126385
          ],
          [
            -47.1793887,
            -22.9125223
          ],
          [
            -47.1793699,
            -22.9123543
          ],
          [
            -47.1792789,
            -22.9119605
          ]
        ]
      },
      "id": "way/42846439"
    },
    {
      "type": "Feature",
      "properties": {
        "@id": "way/42847070",
        "source": "IBGE",
        "waterway": "river",
        "@relations": [
          {
            "role": "outer",
            "rel": 298407,
            "reltags": {
              "IBGE:GEOCODIGO": "3519071",
              "admin_level": "8",
              "boundary": "administrative",
              "name": "Hortolândia",
              "place": "municipality",
              "population": "236641",
              "population:date": "2023-08-31",
              "source": "IBGE",
              "source:population": "IBGE, DOU de 31/08/2023",
              "type": "boundary",
              "wikidata": "Q952617",
              "wikipedia": "pt:Hortolândia"
            }
          },
          {
            "role": "outer",
            "rel": 5684889,
            "reltags": {
              "IBGE:GEOCODIGO": "351907105",
              "admin_level": "9",
              "boundary": "administrative",
              "name": "Hortolândia",
              "type": "boundary"
            }
          }
        ]
      },
      "geometry": {
        "type": "LineString",
        "coordinates": [
          [
            -47.2394947,
            -22.8678224
          ],
          [
            -47.2394893,
            -22.867615
          ],
          [
            -47.2394615,
            -22.8674682
          ],
          [
            -47.2393618,
            -22.8673216
          ],
          [
            -47.2393118,
            -22.8672348
          ],
          [
            -47.2392581,
            -22.8671869
          ],
          [
            -47.2392456,
            -22.867119
          ],
          [
            -47.2392298,
            -22.8669793
          ],
          [
            -47.2392411,
            -22.8669007
          ],
          [
            -47.2392562,
            -22.8667688
          ],
          [
            -47.239302,
            -22.8666985
          ],
          [
            -47.239325,
            -22.8666369
          ],
          [
            -47.239346,
            -22.8665313
          ],
          [
            -47.2393469,
            -22.866408
          ],
          [
            -47.2393092,
            -22.8663199
          ],
          [
            -47.2392616,
            -22.866223
          ],
          [
            -47.2391805,
            -22.8661701
          ],
          [
            -47.2390777,
            -22.8660997
          ],
          [
            -47.2390037,
            -22.8660116
          ],
          [
            -47.2389611,
            -22.8659105
          ],
          [
            -47.2388803,
            -22.8658446
          ],
          [
            -47.238843,
            -22.8657833
          ],
          [
            -47.2387779,
            -22.8657312
          ],
          [
            -47.2387109,
            -22.8656832
          ],
          [
            -47.2387217,
            -22.8655896
          ],
          [
            -47.2387551,
            -22.8655376
          ],
          [
            -47.238752,
            -22.8654669
          ],
          [
            -47.2387001,
            -22.8653908
          ],
          [
            -47.2386356,
            -22.865359
          ],
          [
            -47.2385938,
            -22.8652956
          ],
          [
            -47.2385627,
            -22.8652239
          ],
          [
            -47.238524,
            -22.8651045
          ],
          [
            -47.2384947,
            -22.8649459
          ],
          [
            -47.2384844,
            -22.8647873
          ],
          [
            -47.2384596,
            -22.8646515
          ],
          [
            -47.2383967,
            -22.8645699
          ],
          [
            -47.2382189,
            -22.8643117
          ],
          [
            -47.2381004,
            -22.8640683
          ],
          [
            -47.2379686,
            -22.8639189
          ],
          [
            -47.2377893,
            -22.8636931
          ],
          [
            -47.2376401,
            -22.8635933
          ],
          [
            -47.237447,
            -22.863634
          ],
          [
            -47.2372956,
            -22.8636477
          ],
          [
            -47.2371484,
            -22.8636482
          ],
          [
            -47.2370262,
            -22.8635211
          ],
          [
            -47.2367626,
            -22.8629783
          ],
          [
            -47.236799,
            -22.8626989
          ],
          [
            -47.2368389,
            -22.8623361
          ],
          [
            -47.2367343,
            -22.8621419
          ],
          [
            -47.2359539,
            -22.8614179
          ],
          [
            -47.2357558,
            -22.8609932
          ],
          [
            -47.235668,
            -22.8605291
          ]
        ]
      },
      "id": "way/42847070"
    },
    {
      "type": "Feature",
      "properties": {
        "@id": "way/192355364",
        "branch": "Malha Paulista",
        "dual_gauge": "yes",
        "electrified": "no",
        "gauge": "1000;1600",
        "operator": "Rumo S/A",
        "operator:type": "private",
        "owner": "União Federal",
        "ownership": "national",
        "railway": "rail",
        "railway:traffic_mode": "freight",
        "usage": "branch",
        "@relations": [
          {
            "role": "outer",
            "rel": 298407,
            "reltags": {
              "IBGE:GEOCODIGO": "3519071",
              "admin_level": "8",
              "boundary": "administrative",
              "name": "Hortolândia",
              "place": "municipality",
              "population": "236641",
              "population:date": "2023-08-31",
              "source": "IBGE",
              "source:population": "IBGE, DOU de 31/08/2023",
              "type": "boundary",
              "wikidata": "Q952617",
              "wikipedia": "pt:Hortolândia"
            }
          },
          {
            "role": "outer",
            "rel": 5684889,
            "reltags": {
              "IBGE:GEOCODIGO": "351907105",
              "admin_level": "9",
              "boundary": "administrative",
              "name": "Hortolândia",
              "type": "boundary"
            }
          }
        ]
      },
      "geometry": {
        "type": "LineString",
        "coordinates": [
          [
            -47.1560042,
            -22.8719399
          ],
          [
            -47.1560681,
            -22.8717229
          ],
          [
            -47.1561111,
            -22.871544
          ],
          [
            -47.1561433,
            -22.8713661
          ],
          [
            -47.1567255,
            -22.8671715
          ],
          [
            -47.1567337,
            -22.8671214
          ],
          [
            -47.156917,
            -22.8659971
          ],
          [
            -47.1570619,
            -22.8651085
          ],
          [
            -47.1575272,
            -22.8619831
          ],
          [
            -47.157579,
            -22.8617199
          ],
          [
            -47.1576494,
            -22.8613469
          ],
          [
            -47.1577096,
            -22.8611354
          ],
          [
            -47.1577781,
            -22.8609379
          ],
          [
            -47.1578962,
            -22.8606982
          ]
        ]
      },
      "id": "way/192355364"
    },
    {
      "type": "Feature",
      "properties": {
        "@id": "way/744472772",
        "admin_level": "8",
        "boundary": "administrative",
        "electrified": "no",
        "gauge": "1000;1600",
        "railway": "rail",
        "service": "spur",
        "source": "IBGE",
        "@relations": [
          {
            "role": "outer",
            "rel": 298407,
            "reltags": {
              "IBGE:GEOCODIGO": "3519071",
              "admin_level": "8",
              "boundary": "administrative",
              "name": "Hortolândia",
              "place": "municipality",
              "population": "236641",
              "population:date": "2023-08-31",
              "source": "IBGE",
              "source:population": "IBGE, DOU de 31/08/2023",
              "type": "boundary",
              "wikidata": "Q952617",
              "wikipedia": "pt:Hortolândia"
            }
          },
          {
            "role": "outer",
            "rel": 5684889,
            "reltags": {
              "IBGE:GEOCODIGO": "351907105",
              "admin_level": "9",
              "boundary": "administrative",
              "name": "Hortolândia",
              "type": "boundary"
            }
          }
        ]
      },
      "geometry": {
        "type": "LineString",
        "coordinates": [
          [
            -47.1782319,
            -22.8578009
          ],
          [
            -47.1782344,
            -22.8578019
          ],
          [
            -47.1783401,
            -22.8578456
          ],
          [
            -47.178572,
            -22.8579584
          ],
          [
            -47.1787141,
            -22.8580523
          ],
          [
            -47.1788606,
            -22.8581698
          ],
          [
            -47.1790132,
            -22.8583267
          ],
          [
            -47.1791314,
            -22.8584784
          ],
          [
            -47.1792734,
            -22.8586987
          ],
          [
            -47.1794303,
            -22.8589681
          ],
          [
            -47.1795644,
            -22.8592202
          ],
          [
            -47.1796314,
            -22.8593264
          ],
          [
            -47.1797305,
            -22.8594499
          ],
          [
            -47.1798648,
            -22.8595884
          ],
          [
            -47.1800808,
            -22.8597643
          ],
          [
            -47.1802296,
            -22.8598603
          ],
          [
            -47.1803631,
            -22.8599236
          ],
          [
            -47.1805072,
            -22.8599814
          ],
          [
            -47.1806823,
            -22.8600237
          ],
          [
            -47.180821,
            -22.8600494
          ],
          [
            -47.1810208,
            -22.8600565
          ],
          [
            -47.1811702,
            -22.8600527
          ]
        ]
      },
      "id": "way/744472772"
    },
    {
      "type": "Feature",
      "properties": {
        "@id": "way/744472773",
        "branch": "Malha Paulista",
        "dual_gauge": "yes",
        "electrified": "no",
        "gauge": "1000;1600",
        "operator": "Rumo S/A",
        "operator:type": "private",
        "owner": "União Federal",
        "ownership": "national",
        "railway": "rail",
        "railway:traffic_mode": "freight",
        "usage": "branch",
        "@relations": [
          {
            "role": "outer",
            "rel": 298407,
            "reltags": {
              "IBGE:GEOCODIGO": "3519071",
              "admin_level": "8",
              "boundary": "administrative",
              "name": "Hortolândia",
              "place": "municipality",
              "population": "236641",
              "population:date": "2023-08-31",
              "source": "IBGE",
              "source:population": "IBGE, DOU de 31/08/2023",
              "type": "boundary",
              "wikidata": "Q952617",
              "wikipedia": "pt:Hortolândia"
            }
          },
          {
            "role": "outer",
            "rel": 5684889,
            "reltags": {
              "IBGE:GEOCODIGO": "351907105",
              "admin_level": "9",
              "boundary": "administrative",
              "name": "Hortolândia",
              "type": "boundary"
            }
          }
        ]
      },
      "geometry": {
        "type": "LineString",
        "coordinates": [
          [
            -47.1609284,
            -22.8590929
          ],
          [
            -47.1604268,
            -22.8591831
          ],
          [
            -47.1600996,
            -22.8592424
          ],
          [
            -47.159753,
            -22.859318
          ],
          [
            -47.159368,
            -22.8594527
          ],
          [
            -47.1591125,
            -22.8595699
          ],
          [
            -47.1588399,
            -22.8597334
          ],
          [
            -47.1586861,
            -22.8598245
          ],
          [
            -47.1585104,
            -22.8599604
          ],
          [
            -47.1583065,
            -22.8601347
          ],
          [
            -47.1581523,
            -22.8602953
          ],
          [
            -47.1579833,
            -22.8605338
          ],
          [
            -47.1578962,
            -22.8606982
          ]
        ]
      },
      "id": "way/744472773"
    },
    {
      "type": "Feature",
      "properties": {
        "@id": "way/745097767",
        "electrified": "no",
        "gauge": "1000;1600",
        "railway": "rail",
        "service": "spur",
        "source": "IBGE",
        "@relations": [
          {
            "role": "outer",
            "rel": 298407,
            "reltags": {
              "IBGE:GEOCODIGO": "3519071",
              "admin_level": "8",
              "boundary": "administrative",
              "name": "Hortolândia",
              "place": "municipality",
              "population": "236641",
              "population:date": "2023-08-31",
              "source": "IBGE",
              "source:population": "IBGE, DOU de 31/08/2023",
              "type": "boundary",
              "wikidata": "Q952617",
              "wikipedia": "pt:Hortolândia"
            }
          },
          {
            "role": "outer",
            "rel": 5684889,
            "reltags": {
              "IBGE:GEOCODIGO": "351907105",
              "admin_level": "9",
              "boundary": "administrative",
              "name": "Hortolândia",
              "type": "boundary"
            }
          }
        ]
      },
      "geometry": {
        "type": "LineString",
        "coordinates": [
          [
            -47.1782319,
            -22.8578009
          ],
          [
            -47.1780537,
            -22.8577646
          ],
          [
            -47.1778223,
            -22.8577335
          ],
          [
            -47.177595,
            -22.8577201
          ],
          [
            -47.1773998,
            -22.8577187
          ],
          [
            -47.1764658,
            -22.8577646
          ],
          [
            -47.1744058,
            -22.8578931
          ],
          [
            -47.1716344,
            -22.8580202
          ],
          [
            -47.1699876,
            -22.8580449
          ],
          [
            -47.1692292,
            -22.8580563
          ],
          [
            -47.1673751,
            -22.8580795
          ],
          [
            -47.1666884,
            -22.858124
          ],
          [
            -47.1660823,
            -22.8582105
          ],
          [
            -47.1649396,
            -22.8583984
          ],
          [
            -47.1609284,
            -22.8590929
          ]
        ]
      },
      "id": "way/745097767"
    },
    {
      "type": "Feature",
      "properties": {
        "@id": "way/746650902",
        "barrier": "wall",
        "source": "Bing",
        "@relations": [
          {
            "role": "outer",
            "rel": 298407,
            "reltags": {
              "IBGE:GEOCODIGO": "3519071",
              "admin_level": "8",
              "boundary": "administrative",
              "name": "Hortolândia",
              "place": "municipality",
              "population": "236641",
              "population:date": "2023-08-31",
              "source": "IBGE",
              "source:population": "IBGE, DOU de 31/08/2023",
              "type": "boundary",
              "wikidata": "Q952617",
              "wikipedia": "pt:Hortolândia"
            }
          },
          {
            "role": "outer",
            "rel": 5684889,
            "reltags": {
              "IBGE:GEOCODIGO": "351907105",
              "admin_level": "9",
              "boundary": "administrative",
              "name": "Hortolândia",
              "type": "boundary"
            }
          }
        ]
      },
      "geometry": {
        "type": "LineString",
        "coordinates": [
          [
            -47.1928495,
            -22.8544875
          ],
          [
            -47.188765,
            -22.8586408
          ],
          [
            -47.1886785,
            -22.8586764
          ],
          [
            -47.1880107,
            -22.8587864
          ],
          [
            -47.1872267,
            -22.8589215
          ]
        ]
      },
      "id": "way/746650902"
    },
    {
      "type": "Feature",
      "properties": {
        "@id": "way/746650905",
        "barrier": "wall",
        "source": "Bing",
        "@relations": [
          {
            "role": "outer",
            "rel": 298407,
            "reltags": {
              "IBGE:GEOCODIGO": "3519071",
              "admin_level": "8",
              "boundary": "administrative",
              "name": "Hortolândia",
              "place": "municipality",
              "population": "236641",
              "population:date": "2023-08-31",
              "source": "IBGE",
              "source:population": "IBGE, DOU de 31/08/2023",
              "type": "boundary",
              "wikidata": "Q952617",
              "wikipedia": "pt:Hortolândia"
            }
          },
          {
            "role": "outer",
            "rel": 5684889,
            "reltags": {
              "IBGE:GEOCODIGO": "351907105",
              "admin_level": "9",
              "boundary": "administrative",
              "name": "Hortolândia",
              "type": "boundary"
            }
          }
        ]
      },
      "geometry": {
        "type": "LineString",
        "coordinates": [
          [
            -47.1872267,
            -22.8589215
          ],
          [
            -47.1813735,
            -22.8599134
          ]
        ]
      },
      "id": "way/746650905"
    },
    {
      "type": "Feature",
      "properties": {
        "@id": "way/949865946",
        "layer": "-1",
        "source": "IBGE",
        "tunnel": "culvert",
        "waterway": "river",
        "@relations": [
          {
            "role": "outer",
            "rel": 298407,
            "reltags": {
              "IBGE:GEOCODIGO": "3519071",
              "admin_level": "8",
              "boundary": "administrative",
              "name": "Hortolândia",
              "place": "municipality",
              "population": "236641",
              "population:date": "2023-08-31",
              "source": "IBGE",
              "source:population": "IBGE, DOU de 31/08/2023",
              "type": "boundary",
              "wikidata": "Q952617",
              "wikipedia": "pt:Hortolândia"
            }
          },
          {
            "role": "outer",
            "rel": 5684889,
            "reltags": {
              "IBGE:GEOCODIGO": "351907105",
              "admin_level": "9",
              "boundary": "administrative",
              "name": "Hortolândia",
              "type": "boundary"
            }
          }
        ]
      },
      "geometry": {
        "type": "LineString",
        "coordinates": [
          [
            -47.2395985,
            -22.8685079
          ],
          [
            -47.2394947,
            -22.8678224
          ]
        ]
      },
      "id": "way/949865946"
    },
    {
      "type": "Feature",
      "properties": {
        "@id": "way/949865947",
        "source": "IBGE",
        "waterway": "river",
        "@relations": [
          {
            "role": "outer",
            "rel": 298407,
            "reltags": {
              "IBGE:GEOCODIGO": "3519071",
              "admin_level": "8",
              "boundary": "administrative",
              "name": "Hortolândia",
              "place": "municipality",
              "population": "236641",
              "population:date": "2023-08-31",
              "source": "IBGE",
              "source:population": "IBGE, DOU de 31/08/2023",
              "type": "boundary",
              "wikidata": "Q952617",
              "wikipedia": "pt:Hortolândia"
            }
          },
          {
            "role": "outer",
            "rel": 5684889,
            "reltags": {
              "IBGE:GEOCODIGO": "351907105",
              "admin_level": "9",
              "boundary": "administrative",
              "name": "Hortolândia",
              "type": "boundary"
            }
          }
        ]
      },
      "geometry": {
        "type": "LineString",
        "coordinates": [
          [
            -47.2400505,
            -22.8718086
          ],
          [
            -47.2401525,
            -22.8714455
          ],
          [
            -47.239743,
            -22.8700174
          ],
          [
            -47.2395985,
            -22.8685079
          ]
        ]
      },
      "id": "way/949865947"
    },
    {
      "type": "Feature",
      "properties": {
        "@id": "way/1162670406",
        "note": "Divisa segue pelo divisor das águas Quilombo-Capivari e pelo divisor das águas Quilombo-Jacuba ou Hortolândia, até cruzar a ferrovia à leste (Lei Estadual nº 9.330/1995).",
        "source": "IGC-SP 1970;Estado de São Paulo: Lei nº 9.330/1995",
        "@relations": [
          {
            "role": "outer",
            "rel": 298407,
            "reltags": {
              "IBGE:GEOCODIGO": "3519071",
              "admin_level": "8",
              "boundary": "administrative",
              "name": "Hortolândia",
              "place": "municipality",
              "population": "236641",
              "population:date": "2023-08-31",
              "source": "IBGE",
              "source:population": "IBGE, DOU de 31/08/2023",
              "type": "boundary",
              "wikidata": "Q952617",
              "wikipedia": "pt:Hortolândia"
            }
          },
          {
            "role": "outer",
            "rel": 5684889,
            "reltags": {
              "IBGE:GEOCODIGO": "351907105",
              "admin_level": "9",
              "boundary": "administrative",
              "name": "Hortolândia",
              "type": "boundary"
            }
          }
        ]
      },
      "geometry": {
        "type": "LineString",
        "coordinates": [
          [
            -47.1792789,
            -22.9119605
          ],
          [
            -47.1792117,
            -22.9117565
          ],
          [
            -47.1791124,
            -22.9116552
          ],
          [
            -47.1789354,
            -22.9115638
          ],
          [
            -47.1786565,
            -22.9114229
          ],
          [
            -47.1784097,
            -22.9112525
          ],
          [
            -47.1781589,
            -22.9109976
          ],
          [
            -47.1779108,
            -22.9107089
          ],
          [
            -47.1771396,
            -22.9098207
          ],
          [
            -47.1770284,
            -22.9097355
          ],
          [
            -47.1768352,
            -22.9096466
          ],
          [
            -47.1761985,
            -22.909475
          ],
          [
            -47.1758401,
            -22.9094277
          ],
          [
            -47.1754217,
            -22.9093747
          ],
          [
            -47.1752072,
            -22.9092908
          ],
          [
            -47.1750046,
            -22.9090356
          ],
          [
            -47.1747941,
            -22.9087176
          ],
          [
            -47.1745051,
            -22.908488
          ],
          [
            -47.174192,
            -22.9082804
          ],
          [
            -47.1739201,
            -22.9082442
          ],
          [
            -47.1736837,
            -22.908258
          ],
          [
            -47.1731097,
            -22.908426
          ],
          [
            -47.172646,
            -22.9084808
          ],
          [
            -47.1723943,
            -22.9082958
          ],
          [
            -47.1722996,
            -22.9080851
          ],
          [
            -47.172246,
            -22.9078133
          ],
          [
            -47.1722192,
            -22.9071018
          ],
          [
            -47.1721923,
            -22.9068547
          ],
          [
            -47.1720958,
            -22.9066225
          ],
          [
            -47.1718919,
            -22.9064001
          ],
          [
            -47.1715111,
            -22.906237
          ],
          [
            -47.1711203,
            -22.9060814
          ],
          [
            -47.1701056,
            -22.9057083
          ],
          [
            -47.1682549,
            -22.9048584
          ],
          [
            -47.1678052,
            -22.9045097
          ],
          [
            -47.1670443,
            -22.9035379
          ],
          [
            -47.1667528,
            -22.9026742
          ],
          [
            -47.1665108,
            -22.901667
          ],
          [
            -47.1660394,
            -22.9005197
          ],
          [
            -47.1659911,
            -22.9001936
          ],
          [
            -47.1660554,
            -22.8998575
          ],
          [
            -47.1659748,
            -22.8996505
          ],
          [
            -47.1647115,
            -22.8980932
          ],
          [
            -47.1622117,
            -22.8946339
          ],
          [
            -47.1606239,
            -22.8898601
          ],
          [
            -47.1604335,
            -22.8895044
          ],
          [
            -47.1600366,
            -22.889198
          ],
          [
            -47.1588939,
            -22.8885061
          ],
          [
            -47.1582931,
            -22.8882393
          ],
          [
            -47.1580035,
            -22.888096
          ],
          [
            -47.1578157,
            -22.8878983
          ],
          [
            -47.1577245,
            -22.8877105
          ],
          [
            -47.1576895,
            -22.8875175
          ],
          [
            -47.1575797,
            -22.8868505
          ],
          [
            -47.1575662,
            -22.8865638
          ],
          [
            -47.157585,
            -22.8864379
          ],
          [
            -47.1576414,
            -22.8863069
          ],
          [
            -47.1579175,
            -22.8858842
          ],
          [
            -47.1580008,
            -22.885662
          ],
          [
            -47.1579739,
            -22.8854841
          ],
          [
            -47.1577674,
            -22.8850566
          ],
          [
            -47.1576011,
            -22.8846906
          ],
          [
            -47.157408,
            -22.8843226
          ],
          [
            -47.1573383,
            -22.8841101
          ],
          [
            -47.1572471,
            -22.8837246
          ],
          [
            -47.157231,
            -22.8835813
          ],
          [
            -47.157231,
            -22.8834157
          ],
          [
            -47.1572493,
            -22.8832155
          ],
          [
            -47.15729,
            -22.8829462
          ],
          [
            -47.1574295,
            -22.8824372
          ],
          [
            -47.1577004,
            -22.8813202
          ],
          [
            -47.1578908,
            -22.880784
          ],
          [
            -47.1579256,
            -22.8805984
          ],
          [
            -47.1579069,
            -22.8803639
          ],
          [
            -47.1577996,
            -22.8798103
          ],
          [
            -47.1577594,
            -22.8793062
          ],
          [
            -47.157774,
            -22.8789797
          ],
          [
            -47.1578237,
            -22.8785672
          ],
          [
            -47.1579686,
            -22.8779569
          ],
          [
            -47.1580303,
            -22.8777049
          ],
          [
            -47.1581134,
            -22.8774429
          ],
          [
            -47.1582127,
            -22.877223
          ],
          [
            -47.1583575,
            -22.87705
          ],
          [
            -47.1589047,
            -22.8765063
          ],
          [
            -47.1591246,
            -22.8762543
          ],
          [
            -47.1588428,
            -22.8759575
          ],
          [
            -47.1579363,
            -22.8752656
          ],
          [
            -47.157467,
            -22.8746702
          ],
          [
            -47.1570726,
            -22.8737877
          ],
          [
            -47.1564261,
            -22.8725708
          ],
          [
            -47.156158,
            -22.872174
          ],
          [
            -47.1560042,
            -22.8719399
          ]
        ]
      },
      "id": "way/1162670406"
    },
    {
      "type": "Feature",
      "properties": {
        "@id": "node/32070454",
        "name": "Hortolândia",
        "place": "city",
        "population": "236641",
        "population:date": "2023-08-31",
        "source:population": "IBGE, DOU de 31/08/2023",
        "wikidata": "Q952617",
        "@relations": [
          {
            "role": "admin_centre",
            "rel": 298407,
            "reltags": {
              "IBGE:GEOCODIGO": "3519071",
              "admin_level": "8",
              "boundary": "administrative",
              "name": "Hortolândia",
              "place": "municipality",
              "population": "236641",
              "population:date": "2023-08-31",
              "source": "IBGE",
              "source:population": "IBGE, DOU de 31/08/2023",
              "type": "boundary",
              "wikidata": "Q952617",
              "wikipedia": "pt:Hortolândia"
            }
          },
          {
            "role": "admin_centre",
            "rel": 5684889,
            "reltags": {
              "IBGE:GEOCODIGO": "351907105",
              "admin_level": "9",
              "boundary": "administrative",
              "name": "Hortolândia",
              "type": "boundary"
            }
          }
        ]
      },
      "geometry": {
        "type": "Point",
        "coordinates": [
          -47.2164219,
          -22.8620175
        ]
      },
      "id": "node/32070454"
    },
    {
      "type": "Feature",
      "properties": {
        "@id": "node/536183833",
        "railway": "switch",
        "source": "IBGE"
      },
      "geometry": {
        "type": "Point",
        "coordinates": [
          -47.1609284,
          -22.8590929
        ]
      },
      "id": "node/536183833"
    },
    {
      "type": "Feature",
      "properties": {
        "@id": "node/1621261407",
        "railway": "level_crossing"
      },
      "geometry": {
        "type": "Point",
        "coordinates": [
          -47.1588399,
          -22.8597334
        ]
      },
      "id": "node/1621261407"
    },
    {
      "type": "Feature",
      "properties": {
        "@id": "node/3665389361",
        "railway": "level_crossing"
      },
      "geometry": {
        "type": "Point",
        "coordinates": [
          -47.157579,
          -22.8617199
        ]
      },
      "id": "node/3665389361"
    },
    {
      "type": "Feature",
      "properties": {
        "@id": "node/4773457521",
        "railway": "level_crossing"
      },
      "geometry": {
        "type": "Point",
        "coordinates": [
          -47.1567255,
          -22.8671715
        ]
      },
      "id": "node/4773457521"
    },
    {
      "type": "Feature",
      "properties": {
        "@id": "node/8205058419",
        "railway": "level_crossing"
      },
      "geometry": {
        "type": "Point",
        "coordinates": [
          -47.1782344,
          -22.8578019
        ]
      },
      "id": "node/8205058419"
    },
    {
      "type": "Feature",
      "properties": {
        "@id": "node/10764814048",
        "railway": "crossing"
      },
      "geometry": {
        "type": "Point",
        "coordinates": [
          -47.156917,
          -22.8659971
        ]
      },
      "id": "node/10764814048"
    }
  ]
}